Model,Accuracy,Precision,Recall,F1
Logistic Regression,0.5,0.4296875,0.5,0.4517857142857143
k-NN,0.46875,0.44895833333333335,0.46875,0.43839285714285714
Decision Tree,0.40625,0.515625,0.40625,0.428125
